{"val_loss": [294160.89793078415, 287426.5203896418], "val_model_5_loss": [63.677871837043575, 61.47478390201594], "val_model_5_acc": [0.9018282893204851, 0.9056209777008529], "val_model_5_mean_squared_error": [781.466141086811, 759.4694186687931], "val_model_5_mean_absolute_error": [10.79945910934788, 10.541940019760796], "val_model_5_acc_1": [0.8008655056371808, 0.8047012080296888], "val_model_5_mean_squared_error_1": [11756.231019898052, 11428.531126157128], "val_model_5_mean_absolute_error_1": [48.712926652286086, 47.62109851006271], "val_model_5_acc_2": [0.6150547558548144, 0.6197560580748441], "val_model_5_mean_squared_error_2": [103435.16685321878, 100922.41576415779], "val_model_5_mean_absolute_error_2": [129.43710703817482, 127.09685088727274], "val_model_5_acc_3": [0.6415892726338729, 0.6463992919372566], "val_model_5_mean_squared_error_3": [178091.11495643755, 174222.58187621005], "val_model_5_mean_absolute_error_3": [213.00823337964837, 209.5549460722193], "val_model_5_acc_4": [0.48818671357135457, 0.496173160696999], "val_model_5_mean_squared_error_4": [33.23964300091015, 32.04413580363625], "val_model_5_mean_absolute_error_4": [1.2096378640537686, 1.17883065328478], "val_model_5_acc_5": [0.4812439497765821, 0.4920135528455053], "val_model_5_mean_squared_error_5": [63.677871837043575, 61.47478390201594], "val_model_5_mean_absolute_error_5": [2.2536413334923124, 2.1986179564144583], "loss": [320872.89898255817, 294158.53034156974], "model_5_loss": [68.33974082710208, 60.199114939963174], "model_5_acc": [0.9036360452341479, 0.9014590950899346], "model_5_mean_squared_error": [783.4475302289623, 790.8012429170831], "model_5_mean_absolute_error": [10.8122042648552, 10.834002474481744], "model_5_acc_1": [0.7989502692407415, 0.8003064976182095], "model_5_mean_squared_error_1": [12011.261096096778, 11909.909289456153], "model_5_mean_absolute_error_1": [49.308150594548664, 48.973230879436166], "model_5_acc_2": [0.5985026987948159, 0.6159961316012597], "model_5_mean_squared_error_2": [112633.00178657945, 103219.82488493217], "model_5_mean_absolute_error_2": [135.18009655974632, 128.78693502263505], "model_5_acc_3": [0.625099359556686, 0.6423330380935077], "model_5_mean_squared_error_3": [195341.4949733527, 178146.33832969962], "model_5_mean_absolute_error_3": [223.49129373713058, 212.3018060137135], "model_5_acc_4": [0.4670504784399225, 0.49847837936046513], "model_5_mean_squared_error_4": [35.353921690652534, 31.45855595344721], "model_5_mean_absolute_error_4": [1.2311710063801256, 1.1635925721290499], "model_5_acc_5": [0.46417756782945735, 0.4957606589147287], "model_5_mean_squared_error_5": [68.33974082710208, 60.199114939963174], "model_5_mean_absolute_error_5": [2.3025573575219442, 2.1667107921238093], "lr": [0.0010000000474974513, 0.0010000000474974513]}