{"val_loss": [321504.84998184897, 306489.13434777345], "val_model_2_loss": [72.73422510049235, 66.03581795410865], "val_model_2_acc": [0.895391709922244, 0.8965998279275184], "val_model_2_mean_squared_error": [799.9096270816947, 792.4227481040696], "val_model_2_mean_absolute_error": [11.439491337520455, 11.41854533613709], "val_model_2_acc_1": [0.7751438256500998, 0.7832083246253236], "val_model_2_mean_squared_error_1": [12151.56068773445, 12031.658775071091], "val_model_2_mean_absolute_error_1": [51.27708589419045, 51.303707270516085], "val_model_2_acc_2": [0.5906198953151242, 0.6038446124617843], "val_model_2_mean_squared_error_2": [113088.02364169894, 107692.4944715029], "val_model_2_mean_absolute_error_2": [137.9402286644019, 133.37871153426192], "val_model_2_acc_3": [0.6199933445695986, 0.6324532609595218], "val_model_2_mean_squared_error_3": [195354.98333131656, 185872.298357333], "val_model_2_mean_absolute_error_3": [227.18225957347948, 219.89729385892974], "val_model_2_acc_4": [0.44964605532334134, 0.47646418182109007], "val_model_2_mean_squared_error_4": [37.638672561867075, 34.22485964942186], "val_model_2_mean_absolute_error_4": [1.2864329514868147, 1.217073432704486], "val_model_2_acc_5": [0.44760406574113554, 0.4724709583736689], "val_model_2_mean_squared_error_5": [72.73422510049235, 66.03581795410865], "val_model_2_mean_absolute_error_5": [2.4065390226340133, 2.2764405327175616], "loss": [890105.902131783, 315184.6851380814], "model_2_loss": [106.91742432764335, 66.81564339926076], "model_2_acc": [0.8478724309640338, 0.8942336592563364], "model_2_mean_squared_error": [5001.507024247517, 823.5900229520576], "model_2_mean_absolute_error": [16.467040620108907, 11.746788294740426], "model_2_acc_1": [0.7038268155829851, 0.7746164040972096], "model_2_mean_squared_error_1": [142760.68996790214, 12524.41290235889], "model_2_mean_absolute_error_1": [75.573978098788, 52.84533206436985], "model_2_acc_2": [0.5262552897135416, 0.5970567806746608], "model_2_mean_squared_error_2": [271667.4098534399, 110719.2339813469], "model_2_mean_absolute_error_2": [174.3549137854761, 136.05612643929416], "model_2_acc_3": [0.5616038714268411, 0.6254447523013565], "model_2_mean_squared_error_3": [470515.17387354653, 191015.87721051357], "model_2_mean_absolute_error_3": [285.6843729536663, 223.96598218577776], "model_2_acc_4": [0.3695872698643411, 0.46815573522286824], "model_2_mean_squared_error_4": [54.20340172080107, 34.75524222203927], "model_2_mean_absolute_error_4": [1.4665663736735204, 1.2293222560438999], "model_2_acc_5": [0.36721778100775193, 0.4652979651162791], "model_2_mean_squared_error_5": [106.91742432764335, 66.81564339926076], "model_2_mean_absolute_error_5": [2.7713018433992254, 2.2935205235961797], "lr": [0.0010000000474974513, 0.0010000000474974513]}